{"0.03": [0.92435, 0.90455, 0.89825, 0.8977999999999999, 0.88965, 0.8766, 0.8673, 0.8631500000000001], "0.04": [0.8897, 0.8948, 0.8808, 0.8661, 0.8599, 0.84745, 0.8371, 0.83355], "0.05": [0.8793, 0.86175, 0.85095, 0.8411, 0.8267500000000001, 0.8186500000000001, 0.39875, 0.7877000000000001], "0.01": [0.9568000000000001, 0.9533, 0.95375, 0.94815, 0.94555, 0.94185, 0.9374, 0.9373499999999999]}